band_1_based,tiff_band_name_tag,tiff_description,grid,input_sha256,official_feature_families,mirror_manifest,review_flag
1,mag_anom,mag_anom - Magnetic anomaly - deviation from expected Earth's magnetic field,3292x3730 EPSG:32611 100m,4371c82e3b8339b807bdffcf4ef59a225520fe2988d521be208ae33743123bc5,https://www.drivendata.org/competitions/306/competition-doe-gems/page/967/#provided-features,https://github.com/buffedlizard55-lab/5GEMSDOE/blob/main/data/bridge/manifest.json,
2,rtp,rtp - Reduced to pole magnetic data - magnetic anomaly corrected for latitude effects,3292x3730 EPSG:32611 100m,4371c82e3b8339b807bdffcf4ef59a225520fe2988d521be208ae33743123bc5,https://www.drivendata.org/competitions/306/competition-doe-gems/page/967/#provided-features,https://github.com/buffedlizard55-lab/5GEMSDOE/blob/main/data/bridge/manifest.json,
3,tmi_hg,tmi_hg - Total magnetic intensity horizontal gradient - rate of change in horizontal direction,3292x3730 EPSG:32611 100m,4371c82e3b8339b807bdffcf4ef59a225520fe2988d521be208ae33743123bc5,https://www.drivendata.org/competitions/306/competition-doe-gems/page/967/#provided-features,https://github.com/buffedlizard55-lab/5GEMSDOE/blob/main/data/bridge/manifest.json,
4,geod_2ndinv,geod_2ndinv - Geodetic second invariant - measure of strain rate tensor magnitude,3292x3730 EPSG:32611 100m,4371c82e3b8339b807bdffcf4ef59a225520fe2988d521be208ae33743123bc5,https://www.drivendata.org/competitions/306/competition-doe-gems/page/967/#provided-features,https://github.com/buffedlizard55-lab/5GEMSDOE/blob/main/data/bridge/manifest.json,
5,iso_grav_anom_slope,iso_grav_anom_slope - Isostatic gravity anomaly slope - gradient of gravity after isostatic correction,3292x3730 EPSG:32611 100m,4371c82e3b8339b807bdffcf4ef59a225520fe2988d521be208ae33743123bc5,https://www.drivendata.org/competitions/306/competition-doe-gems/page/967/#provided-features,https://github.com/buffedlizard55-lab/5GEMSDOE/blob/main/data/bridge/manifest.json,
6,tc,tc - Tilt angle or total curvature - magnetic field derivative for edge detection,3292x3730 EPSG:32611 100m,4371c82e3b8339b807bdffcf4ef59a225520fe2988d521be208ae33743123bc5,https://www.drivendata.org/competitions/306/competition-doe-gems/page/967/#provided-features,https://github.com/buffedlizard55-lab/5GEMSDOE/blob/main/data/bridge/manifest.json,Sibling audit questions tc/tilt tag; identity NOT independently confirmed in G9
7,geod_shearrate,geod_shearrate - Geodetic shear rate - rate of angular deformation from GPS/InSAR,3292x3730 EPSG:32611 100m,4371c82e3b8339b807bdffcf4ef59a225520fe2988d521be208ae33743123bc5,https://www.drivendata.org/competitions/306/competition-doe-gems/page/967/#provided-features,https://github.com/buffedlizard55-lab/5GEMSDOE/blob/main/data/bridge/manifest.json,
8,geod_dilaterate,geod_dilaterate - Geodetic dilatation rate - rate of volumetric strain (expansion/contraction),3292x3730 EPSG:32611 100m,4371c82e3b8339b807bdffcf4ef59a225520fe2988d521be208ae33743123bc5,https://www.drivendata.org/competitions/306/competition-doe-gems/page/967/#provided-features,https://github.com/buffedlizard55-lab/5GEMSDOE/blob/main/data/bridge/manifest.json,
9,tmi_vg,tmi_vg - Total magnetic intensity vertical gradient - rate of change in vertical direction,3292x3730 EPSG:32611 100m,4371c82e3b8339b807bdffcf4ef59a225520fe2988d521be208ae33743123bc5,https://www.drivendata.org/competitions/306/competition-doe-gems/page/967/#provided-features,https://github.com/buffedlizard55-lab/5GEMSDOE/blob/main/data/bridge/manifest.json,
10,deq_n100a15,"deq_n100a15 - Distance to earthquake (n=100km radius, a=15° azimuth parameters)",3292x3730 EPSG:32611 100m,4371c82e3b8339b807bdffcf4ef59a225520fe2988d521be208ae33743123bc5,https://www.drivendata.org/competitions/306/competition-doe-gems/page/967/#provided-features,https://github.com/buffedlizard55-lab/5GEMSDOE/blob/main/data/bridge/manifest.json,
11,iso_grav_anom_vg,iso_grav_anom_vg - Isostatic gravity anomaly vertical gradient - vertical rate of change,3292x3730 EPSG:32611 100m,4371c82e3b8339b807bdffcf4ef59a225520fe2988d521be208ae33743123bc5,https://www.drivendata.org/competitions/306/competition-doe-gems/page/967/#provided-features,https://github.com/buffedlizard55-lab/5GEMSDOE/blob/main/data/bridge/manifest.json,
12,det_elev,det_elev - Detrended elevation - topography with regional trends removed,3292x3730 EPSG:32611 100m,4371c82e3b8339b807bdffcf4ef59a225520fe2988d521be208ae33743123bc5,https://www.drivendata.org/competitions/306/competition-doe-gems/page/967/#provided-features,https://github.com/buffedlizard55-lab/5GEMSDOE/blob/main/data/bridge/manifest.json,
13,iso_grav_anom,iso_grav_anom - Isostatic gravity anomaly - gravity after compensating for topographic mass,3292x3730 EPSG:32611 100m,4371c82e3b8339b807bdffcf4ef59a225520fe2988d521be208ae33743123bc5,https://www.drivendata.org/competitions/306/competition-doe-gems/page/967/#provided-features,https://github.com/buffedlizard55-lab/5GEMSDOE/blob/main/data/bridge/manifest.json,
14,tmi,tmi - Total magnetic intensity - total strength of magnetic field,3292x3730 EPSG:32611 100m,4371c82e3b8339b807bdffcf4ef59a225520fe2988d521be208ae33743123bc5,https://www.drivendata.org/competitions/306/competition-doe-gems/page/967/#provided-features,https://github.com/buffedlizard55-lab/5GEMSDOE/blob/main/data/bridge/manifest.json,
15,depth_to_base_surf,depth_to_base_surf - Depth to basement surface - thickness of sedimentary cover,3292x3730 EPSG:32611 100m,4371c82e3b8339b807bdffcf4ef59a225520fe2988d521be208ae33743123bc5,https://www.drivendata.org/competitions/306/competition-doe-gems/page/967/#provided-features,https://github.com/buffedlizard55-lab/5GEMSDOE/blob/main/data/bridge/manifest.json,"Problem text describes a depth to conductive base, TIFF tag describes basement depth; not synonymous"
16,ieq_n100a15,"ieq_n100a15 - Earthquake intensity or density (n=100km radius, a=15° parameters)",3292x3730 EPSG:32611 100m,4371c82e3b8339b807bdffcf4ef59a225520fe2988d521be208ae33743123bc5,https://www.drivendata.org/competitions/306/competition-doe-gems/page/967/#provided-features,https://github.com/buffedlizard55-lab/5GEMSDOE/blob/main/data/bridge/manifest.json,
17,cond_surf,cond_surf - Conductivity surface - electrical conductivity of subsurface,3292x3730 EPSG:32611 100m,4371c82e3b8339b807bdffcf4ef59a225520fe2988d521be208ae33743123bc5,https://www.drivendata.org/competitions/306/competition-doe-gems/page/967/#provided-features,https://github.com/buffedlizard55-lab/5GEMSDOE/blob/main/data/bridge/manifest.json,
18,iso_grav_anom_hg,iso_grav_anom_hg - Isostatic gravity anomaly horizontal gradient - horizontal rate of change,3292x3730 EPSG:32611 100m,4371c82e3b8339b807bdffcf4ef59a225520fe2988d521be208ae33743123bc5,https://www.drivendata.org/competitions/306/competition-doe-gems/page/967/#provided-features,https://github.com/buffedlizard55-lab/5GEMSDOE/blob/main/data/bridge/manifest.json,
19,det_elev_slope,det_elev_slope - Detrended elevation slope - gradient of elevation after detrending,3292x3730 EPSG:32611 100m,4371c82e3b8339b807bdffcf4ef59a225520fe2988d521be208ae33743123bc5,https://www.drivendata.org/competitions/306/competition-doe-gems/page/967/#provided-features,https://github.com/buffedlizard55-lab/5GEMSDOE/blob/main/data/bridge/manifest.json,
